insert into CUSTOMER (C_ID, FName, Lname, Birthdate, Phone_Num, Street, City, State, Zipcode) values  
 ('007', 'Gisele', 'O''Siaghail', '1998-02-26', '716-138-1832', '036 Pearson Junction', 'Buffalo', 'NY', '14276'),
 ('814', 'Loydie', 'Nobriga', '1984-06-29', '410-977-7851', '5808 Johnson Pass', 'Ridgely', 'MD', '21684'),
 ('901', 'Lori', 'Bibby', '1975-02-07', '952-870-1414', '41161 Vermont Parkway', 'Minneapolis', 'MN', '55446'),
 ('441', 'Val', 'Goodenough', '1956-12-27', '214-722-1656', '10673 Fisk Alley', 'Dallas', 'TX', '75353'),
 ('143', 'Dorelia', 'Rickersey', '1936-10-18', '786-226-7158', '94980 Iowa Point', 'Miami', 'FL', '33147'),
 ('7901', 'Christan', 'Tew', '1951-07-29', '562-517-0478', '39133 Roxbury Terrace', 'Long Beach', 'CA', '90847'),
 ('411', 'Quincey', 'Morriarty', '1985-10-05', '843-863-3562', '7 Almo Court', 'Beaufort', 'SC', '29905'),
 ('310', 'Roger', 'Titford', '1959-09-27', '319-334-5112', '5407 Kensington Terrace', 'Cedar Rapids', 'IA', '52410'),
 ('776', 'Dex', 'Doswell', '1951-08-26', '316-450-5785', '9 Anthes Parkway', 'Wichita', 'KS', '67215'),
 ('127', 'Randie', 'Rowden', '1991-12-30', '803-822-5213', '15 Grasskamp Lane', 'Columbia', 'SC', '29220'),
 ('419', 'Larine', 'Doward', '1993-10-04', '214-621-1271', '20 Stoughton Trail', 'Dallas', 'TX', '75310'),
 ('088', 'Hanson', 'Finneran', '1951-04-06', '919-308-0321', '349 3rd Trail', 'Durham', 'NC', '27705'),
 ('916', 'Tamma', 'Lindsley', '2001-11-15', '808-532-8363', '25 Dakota Alley', 'Honolulu', 'HI', '96815'),
 ('482', 'Henrie', 'Hillin', '1984-06-20', '515-560-0738', '229 Westend Road', 'Des Moines', 'IA', '50981'),
 ('987', 'Carmencita', 'Bemment', '1988-03-28', '212-366-3536', '6 Oxford Court', 'New York City', 'NY', '10160'),
 ('265', 'Farand', 'Kordova', '1992-09-22', '212-177-3382', '4025 Jay Pass', 'New York City', 'NY', '10131'),
 ('161', 'Lincoln', 'Buckam', '1985-06-05', '229-183-4837', '63 La Follette Terrace', 'Valdosta', 'GA', '31605'),
 ('899', 'Shaylyn', 'McNalley', '1956-11-18', '267-541-7587', '65 Tomscot Center', 'Levittown', 'PA', '19058'),
 ('812', 'Vickie', 'Northey', '1960-10-06', '540-754-4695', '55466 Dixon Place', 'Fredericksburg', 'VA', '22405'),
 ('184', 'Cilka', 'Mauro', '1950-02-19', '951-525-1213', '7043 Canary Court', 'Riverside', 'CA', '92519'),
 ('278', 'Rani', 'Kellitt', '1957-04-29', '757-852-0847', '834 New Castle Way', 'Portsmouth', 'VA', '23705'),
 ('106', 'Malissa', 'Kiellor', '1953-05-04', '504-817-7928', '258 Northview Road', 'New Orleans', 'LA', '70154'),
 ('976', 'Trev', 'Kumar', '1981-09-20', '954-953-1852', '2588 Golf Alley', 'Fort Lauderdale', 'FL', '33305'),
 ('555', 'Peder', 'Wallenger', '1940-04-09', '305-126-0349', '14 Schmedeman Way', 'Miami', 'FL', '33142'),
 ('930', 'Gerladina', 'Priditt', '1987-04-25', '405-654-1669', '63436 Valley Edge Park', 'Oklahoma City', 'OK', '73179'),
 ('851', 'Fredra', 'Speechley', '1981-09-03', '714-479-4345', '642 Esch Circle', 'Fullerton', 'CA', '92835'),
 ('700', 'Gloriane', 'Yuranovev', '1989-06-02', '813-906-4530', '4615 Rowland Plaza', 'Tampa', 'FL', '33605'),
 ('912', 'Fredrika', 'Fayter', '1994-12-05', '917-727-0633', '277 Glacier Hill Crossing', 'New York City', 'NY', '10155'),
 ('421', 'Tadd', 'Hanshawe', '1947-05-20', '317-896-7368', '37 Claremont Trail', 'Indianapolis', 'IN', '46266'),
 ('166', 'Nat', 'Maty', '1958-02-22', '619-506-1154', '3 Randy Center', 'San Diego', 'CA', '92145');

 
insert into Dealership_Branch (Phone_num, Street, City, State, Zipcode) values
('404-149-6722', '4 Old Gate Court', 'Atlanta', 'GA', '31136'),
('517-610-1574', '255 Transport Point', 'Newport News', 'VA', '23612');
 
 insert into EMPLOYEE (ESSN, Fname, Lname, Phone_num, Birthdate, Street, City, State, Zipcode, B_ID) values 
 ('477-66-1385', 'Ara', 'Normant', '915-362-5917', '1975-10-02', '23346 Petterle Road', 'El Paso', 'TX', '88574', 1),
 ('102-55-0071', 'Trent', 'Ingle', '414-278-5402', '1992-09-17', '021 Riverside Lane', 'Milwaukee', 'WI', '53234', 2),
 ('334-77-8879', 'Rocky', 'Pattle', '804-381-5269', '1962-04-18', '857 Myrtle Lane', 'Richmond', 'VA', '23272', 1),
 ('791-56-1598', 'Lauraine', 'Craik', '719-832-0145', '1988-03-20', '74672 Talmadge Plaza', 'Colorado Springs', 'CO', '80930', 1),
 ('837-64-7739', 'Hilton', 'Folli', '202-187-5910', '1986-03-01', '2 Rockefeller Crossing', 'Washington', 'DC', '20260', 1),
 ('776-52-9735', 'Avram', 'Frazier', '816-498-7793', '1940-05-25', '3838 Bayside Hill', 'Kansas City', 'MO', '64149', 2),
 ('670-94-6117', 'Lilla', 'Bolter', '602-501-8295', '1992-03-09', '0598 Killdeer Court', 'Phoenix', 'AZ', '85083', 2),
 ('307-10-2238', 'Gelya', 'Griston', '915-640-4873', '1986-10-18', '35724 Butternut Junction', 'El Paso', 'TX', '79950', 2),
 ('468-74-6913', 'Star', 'Clinch', '850-984-8462', '1980-08-09', '609 Ramsey Plaza', 'Pensacola', 'FL', '32575', 1),
 ('259-31-7528', 'Allayne', 'Dark', '859-309-5735', '1956-12-20', '60916 Hollow Ridge Court', 'Lexington', 'KY', '40591', 1),
 ('427-30-5377', 'Hervey', 'Maidment', '619-257-0319', '1986-04-15', '4008 Messerschmidt Plaza', 'San Diego', 'CA', '92115', 1),
 ('421-63-0828', 'Hilliard', 'Fattori', '615-563-3637', '1971-11-22', '3759 Maple Plaza', 'Nashville', 'TN', '37205', 2),
 ('783-84-8346', 'Sibylle', 'Matveyev', '405-879-9414', '1967-07-16', '8 Clarendon Avenue', 'Oklahoma City', 'OK', '73157', 2),
 ('604-13-3834', 'Hamilton', 'Bennett', '502-232-8114', '1974-08-24', '12738 Darwin Lane', 'Louisville', 'KY', '40293', 2);

 insert into Branch_Manager(ESSN, Salary, Start_date) values 
 ('477-66-1385', 105000.00, '2005-10-08'), 
 ('102-55-0071', 92000.00, '2007-11-20');
 
update Dealership_Branch
SET Mgr_ESSN = '477-66-1385'
WHERE B_ID = 1;

update Dealership_Branch
SET Mgr_ESSN = '102-55-0071'
WHERE B_ID = 2;

insert into technician(ESSN) Values 
('334-77-8879'),
('791-56-1598'),
('837-64-7739'),
('776-52-9735'),
('670-94-6117'),
('307-10-2238');

insert into Salesperson(ESSN, Sales_Phone_Num) Values
('468-74-6913', '903-263-5596'),
('259-31-7528', '186-478-2607'),
('427-30-5377', '971-708-2992'),
('421-63-0828', '278-576-4232'),
('783-84-8346', '999-990-0247'),
('604-13-3834', '506-954-8989');



insert into INVENTORY(INV_ID, B_ID) VALUES
(1,1),
(1,2),
(2,1),
(2,2);
 

insert into SUPPLIER (S_name, Phone_Num, Street, City, State, Zipcode) values 
('Skiles LLC', '786-224-2232', '3 Karstens Way', 'Miami', 'FL', '33111'),
('Raynor Inc', '510-220-6195', '8 Paget Park', 'Berkeley', 'CA', '94705'),
('Kautzer LLC', '210-849-3373', '1 Maple Road', 'San Antonio', 'TX', '78240');

insert into Manufacturer VALUES ('Honda'), ('Toyota'), ('Volkswagen'), ('Audi');

 insert into MODEL(Make, Year, Type, HP, MPG, MSRP, Man_name) Values ('Accord', 2020, 'Sedan', 192, 38, 24000.00, 'Honda'), ('Civic', 2020, 'Sedan', 158, 38, 19850.00, 'Honda'),
('CR-V', 2020, 'SUV', 190, 28, 25050.00, 'Honda'), ('Tacoma', 2019, 'Truck', 159, 20, 26830.00, 'Toyota'),
('Supra', 2020, 'Coupe', 335, 24, 49990.00, 'Toyota'), ('Camry', 2020, 'Sedan', 203, 29, 24425.00, 'Toyota');

insert into MODEL(Make, Year, Type, HP, MPG, MSRP, Man_name) Values ('R8', 2018, 'Coupe', 532, 14, 166000.00, 'Audi'), ('A4', 2020, 'Sedan', 188, 27, 37400.00, 'Audi'),
('Q3', 2020, 'SUV', 228, 19, 34700.00, 'Audi'), ('Passat', 2020, 'Sedan', 174, 23, 22995.00, 'Volkswagen'),
('Jetta', 2020, 'Sedan', 147, 30, 18895.00, 'Volkswagen'), ('Beetle', 2019, 'Coupe', 174, 26, 20895.00, 'Volkswagen');


insert into SERVICE(Type, Cost, Duration) values 
('Oil Change', 100.00, 60), 
('Cabin air filter replacement', 45.00, 30),
('Trainsmission fluid flush', 100.00, 30),
('Brake pads & Rotor Replacement', 1200.00, 3600), 
('Spark plug replacement', 200.00, 40);
insert into SERVICE(Type,Cost,Duration) values 
('Windshield Replacement',300.00,60),
('Radiator Replacement',500.00,150),
('Water Pump Replacement',660.00,210),
('Installing New All-Season Tires',700.00,40),
('Serpentine Belt Replacement',900.00,180);

insert into PART(P_name) values 
('Premium Synthetic Motor Oil, 5 quart'),
('Premium Oil Filter'),
('Premium Cabin Air Filter'),
('Super High Mileage Transmission Fluid'),
('Super Line Brake Pads'),
('Just-In-Time Brake Rotors'),
('Adamantium Spark Plugs');
insert into PART(P_Name) values ('Urethane'),
('Wind Resistant Windshield'),
('Preimum Air Compressor'),
('SuperHot Radiator'),
('Preimum Water Pump'),
('Dr. Freeze Coolant'),
('All Season Tires'),
('Medusa Serpentine Belt');

insert into supplied_by values 
(1, 1, 20.00),
(1, 2, 8.00),
(1, 3, 19.00),
(1, 4, 19.00),
(1, 5, 120.00),
(2, 6, 225.00),
(2, 7, 18.00),
(2, 8, 100.00),
(2, 9, 190.00),
(2, 10, 300.00),
(3, 11, 350.00),
(3, 12, 400.00),
(3, 13, 100.00),
(3, 14, 75.00),
(3, 15, 200.00);

insert into VEHICLE (V_ID, Color, Curr_Mileage, M_ID) values 
('2Q814', 'Violet', 9874, 7),
('41D088', 'Purple', 6193, 3),
('PN317T', 'Black', 1480, 6),
('MKM', 'Black', 2813, 9),
('MEQ4', 'Black', 1332, 1),
('815', 'Blue', 10137, 9),
('3CBA96', 'Blue', 3463, 6),
('IPL2L', 'Violet', 1795, 6),
('J8T', 'Purple', 8058, 5),
('3VVU', 'Silver', 5359, 7),
('XPN', 'Silver', 4667, 12),
('6SKW', 'Silver', 8304, 4),
('628', 'Gold', 7847, 4),
('S3Y', 'Pink', 4445, 8),
('7605', 'Black', 3377, 1),
('945S', 'Silver', 14053, 6),
('73949E', 'Silver', 8401, 11),
('OX3XC', 'Black', 10543, 2),
('GW8IK', 'Red', 14921, 5),
('OK03', 'Blue', 11285, 10),
('0MB6', 'Silver', 13537, 8),
('QTM3K4G', 'Pink', 3580, 5),
('M2C0', 'Blue', 10068, 3),
('8DR', 'Blue', 9915, 4),
('794K9', 'Silver', 7041, 6),
('XOK0', 'Pink', 10158, 2),
('2000GNS', 'Silver', 11637, 6),
('F567F7C', 'Yellow', 3798, 10),
('82AO', 'Red', 12709, 10),
('5797', 'Silver', 748, 2),
('P0L7', 'Blue', 1636, 2),
('MR6RA', 'Red', 11786, 7),
('40PQDZ', 'Black', 5794, 7),
('730', 'Red', 5597, 8),
('SI3E', 'Yellow', 12099, 5),
('J237460', 'White', 6084, 2),
('SBBS', 'White', 7888, 6),
('RVY4', 'White', 8023, 6),
('5293', 'Red', 5523, 4),
('S2IU650', 'Blue', 2956, 3),
('260XR', 'Blue', 315, 3),
('31123Q2', 'Green', 8742, 4),
('11Y', 'Red', 6443, 8),
('3501', 'Gold', 14828, 9),
('P5A86', 'Blue', 3585, 4),
('TL4H37X', 'Red', 12234, 10),
('V15L1', 'Violet', 7205, 9),
('B45BYS', 'Purple', 6878, 12),
('A98', 'Blue', 1030, 11),
('ZY9', 'Black', 6440, 12),
('Z44518', 'Silver', 5219, 4),
('6MMJ4', 'Purple', 11576, 2),
('9NV', 'Red', 8310, 12),
('HZ2U9', 'Blue', 10250, 11),
('UHDXT07', 'Black', 13268, 10),
('SP748E9', 'Pink', 14168, 7),
('JWZX', 'Blue', 5973, 8),
('49Z1Q4', 'Blue', 2186, 3),
('W7AY8', 'Blue', 3005, 9),
('X96Z8', 'Green', 11382, 9),
('B91', 'Yellow', 7528, 4),
('Y2OOP', 'White', 2320, 8),
('53JYH5', 'Yellow', 3484, 10),
('TBX8D', 'Red', 2848, 2),
('6G9N', 'Silver', 9542, 10),
('42699L', 'Blue', 116, 10),
('LA1L', 'Gold', 14673, 12),
('Y96LW', 'Blue', 5142, 2),
('UMC720', 'Gold', 8113, 5),
('VT9', 'Purple', 12821, 9),
('9P67C', 'Green', 3018, 11),
('YYO21', 'Red', 14589, 4),
('3JXTU', 'Blue', 6976, 5),
('11014', 'Red', 8600, 7),
('5H7UX16', 'Red', 14603, 5),
('079E689', 'Pink', 8815, 9),
('2F6XQAR', 'Violet', 6203, 4),
('Q2YSQ', 'Blue', 13270, 11),
('NGHP', 'White', 578, 11),
('8P8O84', 'Pink', 2265, 2),
('PA941', 'Silver', 9091, 8),
('0W2328I', 'Red', 13260, 4),
('489H', 'Blue', 4053, 1),
('926C9Q', 'Red', 13699, 8),
('00505', 'Green', 8984, 6),
('7H69', 'Red', 11262, 10),
('541', 'Blue', 12007, 6),
('T6ZW', 'Green', 3047, 4),
('226', 'Blue', 14934, 2),
('268', 'Black', 7766, 5),
('I2T9R77', 'Gold', 14123, 6),
('PC7F13M', 'Violet', 2902, 8),
('RNB17Z', 'Red', 1194, 6),
('637', 'Yellow', 4790, 4),
('4UR25D', 'Puce', 8701, 1),
('I150', 'Silver', 2216, 12),
('4MG', 'Purple', 5248, 1),
('9Y7N3L', 'Gold', 7753, 12),
('8MXT19', 'Red', 12496, 8),
('1E8640', 'Pink', 10034, 4),
('3VBO0', 'White', 5207, 9),
('6MEVWE', 'Pink', 3597, 9),
('KXYV', 'Black', 2648, 3),
('33577V9', 'Silver', 10999, 6),
('CLA', 'Green', 5163, 4),
('MTU4', 'Black', 5707, 3),
('15YG', 'Red', 1173, 1),
('G741', 'Pink', 3116, 6),
('8RC96C', 'Red', 1176, 1),
('W0SK120', 'Pink', 11262, 5),
('D9O6S', 'Red', 7485, 12),
('9I7232', 'Pink', 7625, 4),
('7QE7Q', 'White', 12771, 7),
('0C331', 'Pink', 4160, 12),
('L12K6', 'Black', 13209, 10),
('1OQE996', 'Silver', 12313, 12),
('H58', 'Puce', 13119, 8),
('1355', 'Violet', 7140, 8),
('UC9', 'Red', 3793, 11),
('0MS', 'Black', 3617, 6),
('JEN', 'Black', 2478, 1),
('DACICN', 'Gold', 5257, 12),
('755', 'Black', 10021, 9),
('7X2C71G', 'Pink', 9596, 7),
('1FA7M', 'Red', 2715, 10),
('BHG7', 'Black', 7575, 5),
('578', 'Pink', 9681, 10),
('RD1Y', 'Blue', 3666, 12),
('H0P4', 'Blue', 11902, 7),
('97CI', 'Black', 60, 5),
('1979773', 'Blue', 4451, 3),
('R8YAU0', 'Silver', 8167, 9),
('KFP5SO', 'Green', 4604, 12),
('VA964', 'Red', 4880, 2),
('938915', 'Violet', 9385, 11),
('Y1TX6D', 'Silver', 5045, 11),
('AOZ7L02', 'Black', 9438, 2),
('A7P07', 'Black', 3461, 4),
('6BWT', 'Pink', 3816, 12),
('H6EG56', 'Silver', 4564, 2),
('FGE', 'Pink', 4248, 7),
('3U59', 'Silver', 13261, 7),
('Z8TF', 'Silver', 562, 11),
('45XHSMH', 'Yellow', 11423, 11);


INSERT INTO INV_CONTAINS(B_ID,INV_ID,V_ID) values
(1,1,'2Q814'),
(1,1,'41D088'),
(1,2,'PN317T'),
(1,2,'MKM'),
(1,2,'MEQ4'),
(1,2,'815'),
(1,2,'3CBA96'),
(1,1,'IPL2L'),
(1,1,'J8T'),
(1,1,'3VVU'),
(1,1,'XPN'),
(1,2,'6SKW'),
(1,1,'628'),
(1,1,'S3Y'),
(1,1,'7605'),
(2,2,'945S'),
(2,1,'73949E'),
(2,1,'OX3XC'),
(2,1,'GW8IK'),
(2,1,'OK03'),
(2,2,'0MB6'),
(2,2,'QTM3K4G'),
(2,2,'M2C0'),
(2,2,'8DR'),
(2,1,'794K9'),
(2,1,'XOK0'),
(2,1,'2000GNS'),
(2,2,'F567F7C'),
(2,2,'82AO'),
(2,1,'5797'),
(1,1,'P0L7'),
(1,1,'MR6RA'),
(1,1,'40PQDZ'),
(2,1,'730'),
(2,2,'SI3E'),
(1,2,'J237460'),
(2,2,'SBBS'),
(2,1,'RVY4'),
(2,1,'5293'),
(2,1,'S2IU650'),
(2,2,'260XR'),
(1,1,'31123Q2'),
(2,2,'11Y'),
(2,2,'3501'),
(2,2,'P5A86'),
(1,2,'TL4H37X'),
(2,1,'V15L1'),
(1,1,'B45BYS'),
(1,2,'A98'),
(2,1,'ZY9'),
(2,1,'Z44518'),
(1,2,'6MMJ4'),
(1,1,'9NV'),
(2,1,'HZ2U9'),
(2,1,'UHDXT07'),
(1,2,'SP748E9'),
(2,1,'JWZX'),
(2,1,'49Z1Q4'),
(1,2,'W7AY8'),
(1,1,'X96Z8'),
(1,1,'B91'),
(1,2,'Y2OOP'),
(1,1,'53JYH5'),
(1,1,'TBX8D'),
(1,1,'6G9N'),
(2,2,'42699L'),
(2,2,'LA1L'),
(2,1,'Y96LW'),
(1,2,'UMC720'),
(1,2,'VT9'),
(1,1,'9P67C'),
(2,1,'YYO21'),
(2,2,'3JXTU'),
(1,2,'11014'),
(2,1,'5H7UX16'),
(1,2,'079E689'),
(2,1,'2F6XQAR'),
(2,2,'Q2YSQ'),
(2,2,'NGHP'),
(1,1,'8P8O84'),
(2,2,'PA941'),
(1,1,'0W2328I'),
(2,1,'489H'),
(2,1,'926C9Q'),
(2,2,'00505'),
(1,1,'7H69'),
(1,2,'541'),
(2,2,'T6ZW'),
(2,1,'226'),
(1,1,'268'),
(1,1,'I2T9R77'),
(2,2,'PC7F13M'),
(2,2,'RNB17Z'),
(1,2,'637'),
(2,1,'4UR25D'),
(2,1,'I150'),
(2,2,'4MG'),
(1,2,'9Y7N3L'),
(2,1,'8MXT19'),
(1,2,'1E8640'),
(1,1,'3VBO0'),
(1,2,'6MEVWE'),
(1,2,'KXYV'),
(2,1,'33577V9'),
(1,2,'CLA'),
(1,2,'MTU4'),
(1,2,'15YG'),
(1,1,'G741'),
(2,1,'8RC96C'),
(1,2,'W0SK120'),
(1,1,'D9O6S'),
(2,1,'9I7232'),
(2,1,'7QE7Q'),
(2,1,'0C331'),
(1,2,'L12K6'),
(2,1,'1OQE996'),
(1,2,'H58'),
(2,1,'1355'),
(2,1,'UC9'),
(2,1,'0MS'),
(1,2,'JEN'),
(1,2,'DACICN'),
(2,1,'755'),
(2,1,'7X2C71G'),
(2,1,'1FA7M'),
(1,1,'BHG7'),
(2,2,'578'),
(1,2,'RD1Y'),
(1,1,'H0P4'),
(1,2,'97CI'),
(1,1,'1979773'),
(2,1,'R8YAU0'),
(1,2,'KFP5SO'),
(1,1,'VA964'),
(2,2,'938915'),
(2,2,'Y1TX6D'),
(2,2,'AOZ7L02'),
(2,2,'A7P07'),
(2,1,'6BWT'),
(2,1,'H6EG56'),
(1,1,'FGE'),
(2,2,'3U59'),
(1,1,'Z8TF'),
(1,1,'45XHSMH');


insert INTO SOLD(ESSN,C_ID,V_ID,Price,Date) values
('468-74-6913','007','2Q814',27891.44,'2007-03-24'),
('468-74-6913','814','41D088',34070.72,'2001-05-13'),
('468-74-6913','901','PN317T',17715.81,'2016-11-25'),
('468-74-6913','441','MKM',15704.41,'2011-07-21'),
('468-74-6913','143','MEQ4',23012.05,'2011-07-26'),
('259-31-7528','7901','815',35742.12,'2001-10-15'),
('259-31-7528','411','3CBA96',42282.34,'2004-10-20'),
('259-31-7528','310','IPL2L',37178.58,'2014-01-29'),
('259-31-7528','776','J8T',21486.43,'2012-12-08'),
('259-31-7528','127','3VVU',38468.95,'2015-01-30'),
('427-30-5377','419','XPN',34553.4,'2014-04-17'),
('427-30-5377','088','6SKW',22442.42,'2019-12-26'),
('427-30-5377','916','628',16195.17,'2009-01-01'),
('427-30-5377','482','S3Y',16951.02,'2010-12-28'),
('427-30-5377','987','7605',42763.71,'2016-05-28'),
('421-63-0828','265','945S',16745.9,'2008-02-12'),
('421-63-0828','161','73949E',34394.36,'2003-01-13'),
('421-63-0828','899','OX3XC',33573.15,'2015-04-14'),
('421-63-0828','812','GW8IK',39177.27,'2016-04-26'),
('421-63-0828','184','OK03',28981.49,'2013-02-12'),
('783-84-8346','278','0MB6',17599.29,'2003-02-16'),
('783-84-8346','106','QTM3K4G',31833.86,'2012-12-21'),
('783-84-8346','976','M2C0',32998.4,'2008-12-29'),
('783-84-8346','555','8DR',30015.21,'2001-04-23'),
('783-84-8346','930','794K9',21272.89,'2019-02-24'),
('604-13-3834','851','XOK0',43328.68,'2004-05-15'),
('604-13-3834','700','2000GNS',30587.53,'2012-11-11'),
('604-13-3834','912','F567F7C',42072.26,'2019-12-04'),
('604-13-3834','421','82AO',29318.82,'2015-06-20'),
('604-13-3834','166','5797',43288.22,'2016-08-13');


insert INTO OWNS(C_ID,V_ID) values
('007','2Q814'),
('814','41D088'),
('901','PN317T'),
('441','MKM'),
('143','MEQ4'),
('7901','815'),
('411','3CBA96'),
('310','IPL2L'),
('776','J8T'),
('127','3VVU'),
('419','XPN'),
('088','6SKW'),
('916','628'),
('482','S3Y'),
('987','7605'),
('265','945S'),
('161','73949E'),
('899','OX3XC'),
('812','GW8IK'),
('184','OK03'),
('278','0MB6'),
('106','QTM3K4G'),
('976','M2C0'),
('555','8DR'),
('930','794K9'),
('851','XOK0'),
('700','2000GNS'),
('912','F567F7C'),
('421','82AO'),
('166','5797');

insert into REQ_PARTS(Service_ID, Part_ID, Qty) values
(1, 1, 1),
(1,2,1),
(2,3,1),
(3, 4, 1),
(4, 5, 2),
(4, 6, 2),
(5, 7, 2),
(6, 9, 1),
(6, 8, 1),
(7, 10, 1),
(7, 11, 1),
(8, 12, 1),
(8, 13, 1),
(9, 14, 1),
(10, 15, 1);

insert into Receipt values(),(),(),(),(),(),(),(),(),(),(),(),(),(),(),(),(),(),(),(),(),(),(),();

insert into has_services (Receipt_ID, Service_ID) values 
(1, 1),
(2, 4),
(3, 7),
(4, 6),
(5, 7),
(6, 10),
(7, 4),
(8, 8),
(9, 7),
(10, 4),
(11, 9),
(12, 6),
(2, 5),
(14, 7),
(15, 1),
(16, 8),
(13, 1),
(1, 7),
(1, 9),
(17, 4),
(17,3),
(18,7),
(19,2),
(20, 3), 
(21, 2), 
(22, 4),
(23, 1),
(23, 8),
(24, 3);

insert into req_service(C_ID, V_ID, ESSN, Receipt_ID, Date) values 
('007', '2Q814','334-77-8879', 1, '2020-01-10'),
('007', '2Q814','334-77-8879', 3, '2020-04-10'),
('814','41D088', '791-56-1598', 2, '2020-01-10'),
('901','PN317T', '837-64-7739', 4, '2019-02-10'),
('441','MKM','334-77-8879', 5, '2018-05-12'),
('143','MEQ4','791-56-1598', 6, '2019-09-09'),
('7901','815', '837-64-7739', 7, '2017-10-10'), 
('411','3CBA96','791-56-1598', 8, '2019-12-12'),
('310','IPL2L','837-64-7739', 9,  '2016-11-11'),
('127','3VVU', '334-77-8879', 10, '2017-04-02'),
('419','XPN', '837-64-7739', 22, '2019-05-09'),
('088','6SKW', '791-56-1598', 23, '2018-06-06');

insert into req_service(C_ID, V_ID, ESSN, Receipt_ID, Date) values 
('265','945S','776-52-9735', 11, '2012-05-05'),
('161','73949E','776-52-9735', 12, '2018-09-09'),
('899','OX3XC', '776-52-9735', 13, '2017-07-07'),
('812','GW8IK', '670-94-6117', 14, '2020-01-04'),
('812','GW8IK', '670-94-6117', 15, '2019-03-03'),
('812','GW8IK', '670-94-6117', 16, '2018-05-01'),
('184','OK03', '307-10-2238', 17, '2017-02-02'),
('278','0MB6', '307-10-2238', 18, '2015-05-05'),
('106','QTM3K4G', '307-10-2238', 19, '2014-04-01'),
('976','M2C0', '776-52-9735', 20, '2018-08-08'),
('555','8DR','307-10-2238', 21, '2017-07-07'),
('930','794K9', '670-94-6117', 24, '2019-11-09');